File,Type,Name,JavadocPresent
"/Users/benpetito/workspace/covid19/src/main/java/modules/covid19/Settings/SettingsBizlet.java",Class,SettingsBizlet,false
"/Users/benpetito/workspace/covid19/src/main/java/modules/covid19/Settings/SettingsBizlet.java",Method,newInstance,false
"/Users/benpetito/workspace/covid19/src/main/java/modules/covid19/GenerateExampleDataBatchJob.java",Class,GenerateExampleDataBatchJob,false
"/Users/benpetito/workspace/covid19/src/main/java/modules/covid19/GenerateExampleDataBatchJob.java",Method,cancel,false
"/Users/benpetito/workspace/covid19/src/main/java/modules/covid19/GenerateExampleDataBatchJob.java",Method,execute,false
"/Users/benpetito/workspace/covid19/src/main/java/modules/covid19/Person/PersonExtension.java",Class,PersonExtension,false
"/Users/benpetito/workspace/covid19/src/main/java/modules/covid19/Person/PersonExtension.java",Method,setNextAssessmentDateDateTime,true
"/Users/benpetito/workspace/covid19/src/main/java/modules/covid19/Person/PersonExtension.java",Method,selfAssessmentDue,false
"/Users/benpetito/workspace/covid19/src/main/java/modules/covid19/Person/PersonExtension.java",Method,loadCandidateNotifications,false
"/Users/benpetito/workspace/covid19/src/main/java/modules/covid19/Person/PersonExtension.java",Method,identifyGroup,true
"/Users/benpetito/workspace/covid19/src/main/java/modules/covid19/Person/PersonBizlet.java",Class,PersonBizlet,false
"/Users/benpetito/workspace/covid19/src/main/java/modules/covid19/Person/PersonBizlet.java",Method,preSave,true
"/Users/benpetito/workspace/covid19/src/main/java/modules/covid19/Person/PersonBizlet.java",Method,preExecute,false
"/Users/benpetito/workspace/covid19/src/main/java/modules/covid19/Person/PersonBizlet.java",Method,preRerender,false
"/Users/benpetito/workspace/covid19/src/main/java/modules/covid19/Person/PersonBizlet.java",Method,validate,false
"/Users/benpetito/workspace/covid19/src/main/java/modules/covid19/Person/actions/AddSelfAssessment.java",Class,AddSelfAssessment,false
"/Users/benpetito/workspace/covid19/src/main/java/modules/covid19/Person/actions/AddSelfAssessment.java",Method,execute,false
"/Users/benpetito/workspace/covid19/src/main/java/modules/covid19/Person/actions/MakeUser.java",Class,MakeUser,false
"/Users/benpetito/workspace/covid19/src/main/java/modules/covid19/Person/actions/MakeUser.java",Method,execute,false
"/Users/benpetito/workspace/covid19/src/main/java/modules/covid19/Person/actions/MakeUser.java",Method,makeUserFromPerson,false
"/Users/benpetito/workspace/covid19/src/main/java/modules/covid19/Person/PersonFactory.java",Class,PersonFactory,false
"/Users/benpetito/workspace/covid19/src/main/java/modules/covid19/Person/PersonFactory.java",Method,seedInstance,false
"/Users/benpetito/workspace/covid19/src/main/java/modules/covid19/Notification/NotificationExtension.java",Class,NotificationExtension,false
"/Users/benpetito/workspace/covid19/src/main/java/modules/covid19/Notification/NotificationExtension.java",Method,getThumbnail,false
"/Users/benpetito/workspace/covid19/src/main/java/modules/covid19/Notification/NotificationBizlet.java",Class,NotificationBizlet,false
"/Users/benpetito/workspace/covid19/src/main/java/modules/covid19/Notification/NotificationBizlet.java",Method,preSave,false
"/Users/benpetito/workspace/covid19/src/main/java/modules/covid19/Notification/actions/Acknowledge.java",Class,Acknowledge,false
"/Users/benpetito/workspace/covid19/src/main/java/modules/covid19/Notification/actions/Acknowledge.java",Method,execute,false
"/Users/benpetito/workspace/covid19/src/main/java/modules/covid19/DailyRecordSelfAssessment/DailyRecordSelfAssessmentBizlet.java",Class,DailyRecordSelfAssessmentBizlet,false
"/Users/benpetito/workspace/covid19/src/main/java/modules/covid19/DailyRecordSelfAssessment/DailyRecordSelfAssessmentBizlet.java",Method,preSave,false
"/Users/benpetito/workspace/covid19/src/main/java/modules/covid19/Dashboard/DashboardBizlet.java",Class,DashboardBizlet,false
"/Users/benpetito/workspace/covid19/src/main/java/modules/covid19/Dashboard/DashboardBizlet.java",Method,newInstance,false
"/Users/benpetito/workspace/covid19/src/main/java/modules/covid19/Dashboard/models/OverlayMap.java",Class,OverlayMap,false
"/Users/benpetito/workspace/covid19/src/main/java/modules/covid19/Dashboard/models/OverlayMap.java",Method,getResult,false
"/Users/benpetito/workspace/covid19/src/main/java/modules/covid19/Covid19Util.java",Class,Covid19Util,false
"/Users/benpetito/workspace/covid19/src/main/java/modules/covid19/Covid19Util.java",Method,currentPersonUser,true
"/Users/benpetito/workspace/covid19/src/main/java/modules/admin/ControlPanel/ControlPanelExtension.java",Class,ControlPanelExtension,false
"/Users/benpetito/workspace/covid19/src/main/java/modules/admin/ControlPanel/ControlPanelExtension.java",Method,trapException,false
"/Users/benpetito/workspace/covid19/src/main/java/modules/admin/ControlPanel/ControlPanelExtension.java",Method,setResults,true
"/Users/benpetito/workspace/covid19/src/main/java/modules/admin/ControlPanel/ControlPanelExtension.java",Method,getUnescapedResults,false
"/Users/benpetito/workspace/covid19/src/main/java/modules/admin/ControlPanel/ControlPanelExtension.java",Method,getBizletTrace,false
"/Users/benpetito/workspace/covid19/src/main/java/modules/admin/ControlPanel/ControlPanelExtension.java",Method,setBizletTrace,false
"/Users/benpetito/workspace/covid19/src/main/java/modules/admin/ControlPanel/ControlPanelExtension.java",Method,getCommandTrace,false
"/Users/benpetito/workspace/covid19/src/main/java/modules/admin/ControlPanel/ControlPanelExtension.java",Method,setCommandTrace,false
"/Users/benpetito/workspace/covid19/src/main/java/modules/admin/ControlPanel/ControlPanelExtension.java",Method,getContentTrace,false
"/Users/benpetito/workspace/covid19/src/main/java/modules/admin/ControlPanel/ControlPanelExtension.java",Method,setContentTrace,false
"/Users/benpetito/workspace/covid19/src/main/java/modules/admin/ControlPanel/ControlPanelExtension.java",Method,getDirtyTrace,false
"/Users/benpetito/workspace/covid19/src/main/java/modules/admin/ControlPanel/ControlPanelExtension.java",Method,setDirtyTrace,false
"/Users/benpetito/workspace/covid19/src/main/java/modules/admin/ControlPanel/ControlPanelExtension.java",Method,getFacesTrace,false
"/Users/benpetito/workspace/covid19/src/main/java/modules/admin/ControlPanel/ControlPanelExtension.java",Method,setFacesTrace,false
"/Users/benpetito/workspace/covid19/src/main/java/modules/admin/ControlPanel/ControlPanelExtension.java",Method,getHttpTrace,false
"/Users/benpetito/workspace/covid19/src/main/java/modules/admin/ControlPanel/ControlPanelExtension.java",Method,setHttpTrace,false
"/Users/benpetito/workspace/covid19/src/main/java/modules/admin/ControlPanel/ControlPanelExtension.java",Method,getQueryTrace,false
"/Users/benpetito/workspace/covid19/src/main/java/modules/admin/ControlPanel/ControlPanelExtension.java",Method,setQueryTrace,false
"/Users/benpetito/workspace/covid19/src/main/java/modules/admin/ControlPanel/ControlPanelExtension.java",Method,getSecurityTrace,false
"/Users/benpetito/workspace/covid19/src/main/java/modules/admin/ControlPanel/ControlPanelExtension.java",Method,setSecurityTrace,false
"/Users/benpetito/workspace/covid19/src/main/java/modules/admin/ControlPanel/ControlPanelExtension.java",Method,getXmlTrace,false
"/Users/benpetito/workspace/covid19/src/main/java/modules/admin/ControlPanel/ControlPanelExtension.java",Method,setXmlTrace,false
"/Users/benpetito/workspace/covid19/src/main/java/modules/admin/ControlPanel/ControlPanelExtension.java",Method,loadStartupConfiguration,true
"/Users/benpetito/workspace/covid19/src/main/java/modules/admin/ControlPanel/ControlPanelExtension.java",Method,applyStartupConfiguration,true
"/Users/benpetito/workspace/covid19/src/main/java/modules/admin/ControlPanel/ControlPanelExtension.java",Method,replaceGroup,true
"/Users/benpetito/workspace/covid19/src/main/java/modules/admin/ControlPanel/ControlPanelExtension.java",Method,replaceGroup,false
"/Users/benpetito/workspace/covid19/src/main/java/modules/admin/ControlPanel/ControlPanelBizlet.java",Class,ControlPanelBizlet,false
"/Users/benpetito/workspace/covid19/src/main/java/modules/admin/ControlPanel/ControlPanelBizlet.java",Method,newInstance,false
"/Users/benpetito/workspace/covid19/src/main/java/modules/admin/ControlPanel/ControlPanelBizlet.java",Method,getVariantDomainValues,false
"/Users/benpetito/workspace/covid19/src/main/java/modules/admin/ControlPanel/actions/DownloadClientSAIL.java",Class,DownloadClientSAIL,false
"/Users/benpetito/workspace/covid19/src/main/java/modules/admin/ControlPanel/actions/DownloadClientSAIL.java",Method,prepare,false
"/Users/benpetito/workspace/covid19/src/main/java/modules/admin/ControlPanel/actions/DownloadClientSAIL.java",Method,download,false
"/Users/benpetito/workspace/covid19/src/main/java/modules/admin/ControlPanel/actions/GenerateSAIL.java",Class,GenerateSAIL,false
"/Users/benpetito/workspace/covid19/src/main/java/modules/admin/ControlPanel/actions/GenerateSAIL.java",Method,execute,false
"/Users/benpetito/workspace/covid19/src/main/java/modules/admin/ControlPanel/actions/GenerateEditView.java",Class,GenerateEditView,false
"/Users/benpetito/workspace/covid19/src/main/java/modules/admin/ControlPanel/actions/GenerateEditView.java",Method,execute,false
"/Users/benpetito/workspace/covid19/src/main/java/modules/admin/ControlPanel/actions/GenerateQuery.java",Class,GenerateQuery,false
"/Users/benpetito/workspace/covid19/src/main/java/modules/admin/ControlPanel/actions/GenerateQuery.java",Method,execute,false
"/Users/benpetito/workspace/covid19/src/main/java/modules/admin/ControlPanel/actions/EvictFromCache.java",Class,EvictFromCache,false
"/Users/benpetito/workspace/covid19/src/main/java/modules/admin/ControlPanel/actions/EvictFromCache.java",Method,execute,false
"/Users/benpetito/workspace/covid19/src/main/java/modules/admin/ControlPanel/actions/AddAPIKey.java",Class,AddAPIKey,false
"/Users/benpetito/workspace/covid19/src/main/java/modules/admin/ControlPanel/actions/AddAPIKey.java",Method,execute,false
"/Users/benpetito/workspace/covid19/src/main/java/modules/admin/ControlPanel/actions/DownloadSAIL.java",Class,DownloadSAIL,false
"/Users/benpetito/workspace/covid19/src/main/java/modules/admin/ControlPanel/actions/DownloadSAIL.java",Method,prepare,false
"/Users/benpetito/workspace/covid19/src/main/java/modules/admin/ControlPanel/actions/DownloadSAIL.java",Method,download,false
"/Users/benpetito/workspace/covid19/src/main/java/modules/admin/ControlPanel/actions/GenerateModuleSAIL.java",Class,GenerateModuleSAIL,false
"/Users/benpetito/workspace/covid19/src/main/java/modules/admin/ControlPanel/actions/GenerateMenuSAIL.java",Class,GenerateMenuSAIL,false
"/Users/benpetito/workspace/covid19/src/main/java/modules/admin/ControlPanel/actions/GenerateMenuSAIL.java",Method,single,false
"/Users/benpetito/workspace/covid19/src/main/java/modules/admin/ControlPanel/actions/GenerateMenuSAIL.java",Method,multiple,false
"/Users/benpetito/workspace/covid19/src/main/java/modules/admin/ControlPanel/actions/SwapCustomer.java",Class,SwapCustomer,true
"/Users/benpetito/workspace/covid19/src/main/java/modules/admin/ControlPanel/actions/SwapCustomer.java",Method,execute,false
"/Users/benpetito/workspace/covid19/src/main/java/modules/admin/ControlPanel/actions/ExecuteQuery.java",Class,ExecuteQuery,false
"/Users/benpetito/workspace/covid19/src/main/java/modules/admin/ControlPanel/actions/ExecuteQuery.java",Method,execute,false
"/Users/benpetito/workspace/covid19/src/main/java/modules/admin/ControlPanel/actions/ExecuteSAIL.java",Class,ExecuteSAIL,false
"/Users/benpetito/workspace/covid19/src/main/java/modules/admin/ControlPanel/actions/ExecuteSAIL.java",Method,execute,false
"/Users/benpetito/workspace/covid19/src/main/java/modules/admin/ControlPanel/actions/ApplyStartupConfiguration.java",Class,ApplyStartupConfiguration,false
"/Users/benpetito/workspace/covid19/src/main/java/modules/admin/ControlPanel/actions/ApplyStartupConfiguration.java",Method,execute,false
"/Users/benpetito/workspace/covid19/src/main/java/modules/admin/ControlPanel/ControlPanelFactory.java",Class,ControlPanelFactory,false
"/Users/benpetito/workspace/covid19/src/main/java/modules/admin/Snapshot/SnapshotBizlet.java",Class,SnapshotBizlet,false
"/Users/benpetito/workspace/covid19/src/main/java/modules/admin/Snapshot/SnapshotBizlet.java",Method,getDynamicDomainValues,false
"/Users/benpetito/workspace/covid19/src/main/java/modules/admin/Snapshot/SnapshotBizlet.java",Method,getVariantDomainValues,false
"/Users/benpetito/workspace/covid19/src/main/java/modules/admin/Snapshot/actions/CopySnapshotToUser.java",Class,CopySnapshotToUser,false
"/Users/benpetito/workspace/covid19/src/main/java/modules/admin/Snapshot/actions/CopySnapshotToUser.java",Method,execute,true
"/Users/benpetito/workspace/covid19/src/main/java/modules/admin/Configuration/ConfigurationFactory.java",Class,ConfigurationFactory,false
"/Users/benpetito/workspace/covid19/src/main/java/modules/admin/Configuration/ConfigurationBizlet.java",Class,ConfigurationBizlet,false
"/Users/benpetito/workspace/covid19/src/main/java/modules/admin/Configuration/ConfigurationBizlet.java",Method,newInstance,false
"/Users/benpetito/workspace/covid19/src/main/java/modules/admin/Configuration/ConfigurationBizlet.java",Method,preExecute,false
"/Users/benpetito/workspace/covid19/src/main/java/modules/admin/Configuration/ConfigurationBizlet.java",Method,preRerender,false
"/Users/benpetito/workspace/covid19/src/main/java/modules/admin/Configuration/ConfigurationExtension.java",Class,ConfigurationExtension,false
"/Users/benpetito/workspace/covid19/src/main/java/modules/admin/Configuration/ConfigurationExtension.java",Method,validSMTPHost,true
"/Users/benpetito/workspace/covid19/src/main/java/modules/admin/Configuration/ConfigurationExtension.java",Method,defaultSMTPSender,false
"/Users/benpetito/workspace/covid19/src/main/java/modules/admin/Configuration/ConfigurationExtension.java",Method,validBackupConfiguration,false
"/Users/benpetito/workspace/covid19/src/main/java/modules/admin/Configuration/ConfigurationExtension.java",Method,validBackupSchedule,false
"/Users/benpetito/workspace/covid19/src/main/java/modules/admin/Configuration/actions/SendMail.java",Class,SendMail,false
"/Users/benpetito/workspace/covid19/src/main/java/modules/admin/Configuration/actions/SendMail.java",Method,execute,false
"/Users/benpetito/workspace/covid19/src/main/java/modules/admin/Configuration/ComplexityModel.java",Class,ComplexityModel,true
"/Users/benpetito/workspace/covid19/src/main/java/modules/admin/Configuration/ComplexityModel.java",Method,getRule,false
"/Users/benpetito/workspace/covid19/src/main/java/modules/admin/Configuration/ComplexityModel.java",Method,getComparison,false
"/Users/benpetito/workspace/covid19/src/main/java/modules/admin/Contact/ContactBizlet.java",Class,ContactBizlet,false
"/Users/benpetito/workspace/covid19/src/main/java/modules/admin/Contact/ContactBizlet.java",Method,bizKey,false
"/Users/benpetito/workspace/covid19/src/main/java/modules/admin/Contact/ContactBizlet.java",Method,isNothing,true
"/Users/benpetito/workspace/covid19/src/main/java/modules/admin/Contact/ContactFactory.java",Class,ContactFactory,false
"/Users/benpetito/workspace/covid19/src/main/java/modules/admin/UserRole/UserRoleBizlet.java",Class,UserRoleBizlet,false
"/Users/benpetito/workspace/covid19/src/main/java/modules/admin/UserRole/UserRoleBizlet.java",Method,getVariantDomainValues,false
"/Users/benpetito/workspace/covid19/src/main/java/modules/admin/JobSchedule/JobScheduleFactory.java",Class,JobScheduleFactory,false
"/Users/benpetito/workspace/covid19/src/main/java/modules/admin/JobSchedule/actions/RunJobNow.java",Class,RunJobNow,false
"/Users/benpetito/workspace/covid19/src/main/java/modules/admin/JobSchedule/actions/RunJobNow.java",Method,execute,false
"/Users/benpetito/workspace/covid19/src/main/java/modules/admin/JobSchedule/JobScheduleBizlet.java",Class,JobScheduleBizlet,false
"/Users/benpetito/workspace/covid19/src/main/java/modules/admin/JobSchedule/JobScheduleBizlet.java",Class,JobCronExpression,false
"/Users/benpetito/workspace/covid19/src/main/java/modules/admin/JobSchedule/JobScheduleBizlet.java",Method,getBizKey,false
"/Users/benpetito/workspace/covid19/src/main/java/modules/admin/JobSchedule/JobScheduleBizlet.java",Method,getMinutes,false
"/Users/benpetito/workspace/covid19/src/main/java/modules/admin/JobSchedule/JobScheduleBizlet.java",Method,getHours,false
"/Users/benpetito/workspace/covid19/src/main/java/modules/admin/JobSchedule/JobScheduleBizlet.java",Method,getDaysOfMonth,false
"/Users/benpetito/workspace/covid19/src/main/java/modules/admin/JobSchedule/JobScheduleBizlet.java",Method,getMonths,false
"/Users/benpetito/workspace/covid19/src/main/java/modules/admin/JobSchedule/JobScheduleBizlet.java",Method,getDaysOfWeek,false
"/Users/benpetito/workspace/covid19/src/main/java/modules/admin/JobSchedule/JobScheduleBizlet.java",Method,getLastDayOfWeek,false
"/Users/benpetito/workspace/covid19/src/main/java/modules/admin/JobSchedule/JobScheduleBizlet.java",Method,getLastDayOfMonth,false
"/Users/benpetito/workspace/covid19/src/main/java/modules/admin/JobSchedule/JobScheduleBizlet.java",Method,getNearestWeekday,false
"/Users/benpetito/workspace/covid19/src/main/java/modules/admin/JobSchedule/JobScheduleBizlet.java",Method,newInstance,false
"/Users/benpetito/workspace/covid19/src/main/java/modules/admin/JobSchedule/JobScheduleBizlet.java",Method,getConstantDomainValues,false
"/Users/benpetito/workspace/covid19/src/main/java/modules/admin/JobSchedule/JobScheduleBizlet.java",Method,getVariantDomainValues,false
"/Users/benpetito/workspace/covid19/src/main/java/modules/admin/JobSchedule/JobScheduleBizlet.java",Method,postLoad,false
"/Users/benpetito/workspace/covid19/src/main/java/modules/admin/JobSchedule/JobScheduleBizlet.java",Method,preSave,false
"/Users/benpetito/workspace/covid19/src/main/java/modules/admin/JobSchedule/JobScheduleBizlet.java",Method,preDelete,false
"/Users/benpetito/workspace/covid19/src/main/java/modules/admin/JobSchedule/JobScheduleBizlet.java",Method,validate,false
"/Users/benpetito/workspace/covid19/src/main/java/modules/admin/Group/GroupBizlet.java",Class,GroupBizlet,false
"/Users/benpetito/workspace/covid19/src/main/java/modules/admin/Group/GroupBizlet.java",Method,getDynamicDomainValues,true
"/Users/benpetito/workspace/covid19/src/main/java/modules/admin/Group/GroupBizlet.java",Method,postSave,true
"/Users/benpetito/workspace/covid19/src/main/java/modules/admin/Group/GroupExtension.java",Class,GroupExtension,true
"/Users/benpetito/workspace/covid19/src/main/java/modules/admin/Group/GroupExtension.java",Method,getCandidateRoles,false
"/Users/benpetito/workspace/covid19/src/main/java/modules/admin/DownloadFolder/DownloadFolderBizlet.java",Class,DownloadFolderBizlet,false
"/Users/benpetito/workspace/covid19/src/main/java/modules/admin/DownloadFolder/DownloadFolderBizlet.java",Method,fetchFolders,true
"/Users/benpetito/workspace/covid19/src/main/java/modules/admin/DownloadFolder/DownloadFolderBizlet.java",Method,accept,false
"/Users/benpetito/workspace/covid19/src/main/java/modules/admin/DownloadFolder/DownloadFolderBizlet.java",Method,fetchBackups,true
"/Users/benpetito/workspace/covid19/src/main/java/modules/admin/DocumentNumber/DocumentNumberFactory.java",Class,DocumentNumberFactory,false
"/Users/benpetito/workspace/covid19/src/main/java/modules/admin/DocumentNumber/DocumentNumberFactory.java",Method,crudInstance,false
"/Users/benpetito/workspace/covid19/src/main/java/modules/admin/LoggingInterceptor.java",Class,LoggingInterceptor,false
"/Users/benpetito/workspace/covid19/src/main/java/modules/admin/LoggingInterceptor.java",Method,beforeNewInstance,false
"/Users/benpetito/workspace/covid19/src/main/java/modules/admin/LoggingInterceptor.java",Method,afterNewInstance,false
"/Users/benpetito/workspace/covid19/src/main/java/modules/admin/LoggingInterceptor.java",Method,beforeValidate,false
"/Users/benpetito/workspace/covid19/src/main/java/modules/admin/LoggingInterceptor.java",Method,afterValidate,false
"/Users/benpetito/workspace/covid19/src/main/java/modules/admin/LoggingInterceptor.java",Method,beforeGetConstantDomainValues,false
"/Users/benpetito/workspace/covid19/src/main/java/modules/admin/LoggingInterceptor.java",Method,afterGetConstantDomainValues,false
"/Users/benpetito/workspace/covid19/src/main/java/modules/admin/LoggingInterceptor.java",Method,beforeGetVariantDomainValues,false
"/Users/benpetito/workspace/covid19/src/main/java/modules/admin/LoggingInterceptor.java",Method,afterGetVariantDomainValues,false
"/Users/benpetito/workspace/covid19/src/main/java/modules/admin/LoggingInterceptor.java",Method,beforeGetDynamicDomainValues,false
"/Users/benpetito/workspace/covid19/src/main/java/modules/admin/LoggingInterceptor.java",Method,afterGetDynamicDomainValues,false
"/Users/benpetito/workspace/covid19/src/main/java/modules/admin/LoggingInterceptor.java",Method,beforeSave,false
"/Users/benpetito/workspace/covid19/src/main/java/modules/admin/LoggingInterceptor.java",Method,afterSave,false
"/Users/benpetito/workspace/covid19/src/main/java/modules/admin/LoggingInterceptor.java",Method,beforePreSave,false
"/Users/benpetito/workspace/covid19/src/main/java/modules/admin/LoggingInterceptor.java",Method,afterPreSave,false
"/Users/benpetito/workspace/covid19/src/main/java/modules/admin/LoggingInterceptor.java",Method,beforePostSave,false
"/Users/benpetito/workspace/covid19/src/main/java/modules/admin/LoggingInterceptor.java",Method,afterPostSave,false
"/Users/benpetito/workspace/covid19/src/main/java/modules/admin/LoggingInterceptor.java",Method,beforeDelete,false
"/Users/benpetito/workspace/covid19/src/main/java/modules/admin/LoggingInterceptor.java",Method,afterDelete,false
"/Users/benpetito/workspace/covid19/src/main/java/modules/admin/LoggingInterceptor.java",Method,beforePreDelete,false
"/Users/benpetito/workspace/covid19/src/main/java/modules/admin/LoggingInterceptor.java",Method,afterPreDelete,false
"/Users/benpetito/workspace/covid19/src/main/java/modules/admin/LoggingInterceptor.java",Method,beforePostLoad,false
"/Users/benpetito/workspace/covid19/src/main/java/modules/admin/LoggingInterceptor.java",Method,afterPostLoad,false
"/Users/benpetito/workspace/covid19/src/main/java/modules/admin/LoggingInterceptor.java",Method,beforePreExecute,false
"/Users/benpetito/workspace/covid19/src/main/java/modules/admin/LoggingInterceptor.java",Method,afterPreExecute,false
"/Users/benpetito/workspace/covid19/src/main/java/modules/admin/LoggingInterceptor.java",Method,beforeServerSideAction,false
"/Users/benpetito/workspace/covid19/src/main/java/modules/admin/LoggingInterceptor.java",Method,afterServerSideAction,false
"/Users/benpetito/workspace/covid19/src/main/java/modules/admin/LoggingInterceptor.java",Method,beforeUploadAction,false
"/Users/benpetito/workspace/covid19/src/main/java/modules/admin/LoggingInterceptor.java",Method,afterUploadAction,false
"/Users/benpetito/workspace/covid19/src/main/java/modules/admin/LoggingInterceptor.java",Method,beforeBizImportAction,false
"/Users/benpetito/workspace/covid19/src/main/java/modules/admin/LoggingInterceptor.java",Method,afterBizImportAction,false
"/Users/benpetito/workspace/covid19/src/main/java/modules/admin/LoggingInterceptor.java",Method,beforeBizExportAction,false
"/Users/benpetito/workspace/covid19/src/main/java/modules/admin/LoggingInterceptor.java",Method,afterBizExportAction,false
"/Users/benpetito/workspace/covid19/src/main/java/modules/admin/GroupRole/GroupRoleBizlet.java",Class,GroupRoleBizlet,false
"/Users/benpetito/workspace/covid19/src/main/java/modules/admin/GroupRole/GroupRoleBizlet.java",Method,getVariantDomainValues,false
"/Users/benpetito/workspace/covid19/src/main/java/modules/admin/GroupRole/GroupRoleBizlet.java",Method,resolve,false
"/Users/benpetito/workspace/covid19/src/main/java/modules/admin/UserDashboard/UserDashboardExtension.java",Class,UserDashboardExtension,false
"/Users/benpetito/workspace/covid19/src/main/java/modules/admin/UserDashboard/UserDashboardExtension.java",Method,getFavourites,false
"/Users/benpetito/workspace/covid19/src/main/java/modules/admin/UserDashboard/Tile.java",Class,Tile,true
"/Users/benpetito/workspace/covid19/src/main/java/modules/admin/UserDashboard/Tile.java",Class,Builder,false
"/Users/benpetito/workspace/covid19/src/main/java/modules/admin/UserDashboard/Tile.java",Method,action,false
"/Users/benpetito/workspace/covid19/src/main/java/modules/admin/UserDashboard/Tile.java",Method,actionClass,false
"/Users/benpetito/workspace/covid19/src/main/java/modules/admin/UserDashboard/Tile.java",Method,icon,false
"/Users/benpetito/workspace/covid19/src/main/java/modules/admin/UserDashboard/Tile.java",Method,link,false
"/Users/benpetito/workspace/covid19/src/main/java/modules/admin/UserDashboard/Tile.java",Method,operation,false
"/Users/benpetito/workspace/covid19/src/main/java/modules/admin/UserDashboard/Tile.java",Method,reason,false
"/Users/benpetito/workspace/covid19/src/main/java/modules/admin/UserDashboard/Tile.java",Method,title,false
"/Users/benpetito/workspace/covid19/src/main/java/modules/admin/UserDashboard/Tile.java",Method,build,false
"/Users/benpetito/workspace/covid19/src/main/java/modules/admin/UserDashboard/Tile.java",Method,getAction,false
"/Users/benpetito/workspace/covid19/src/main/java/modules/admin/UserDashboard/Tile.java",Method,getActionClass,false
"/Users/benpetito/workspace/covid19/src/main/java/modules/admin/UserDashboard/Tile.java",Method,getIcon,false
"/Users/benpetito/workspace/covid19/src/main/java/modules/admin/UserDashboard/Tile.java",Method,getLink,false
"/Users/benpetito/workspace/covid19/src/main/java/modules/admin/UserDashboard/Tile.java",Method,getOperation,false
"/Users/benpetito/workspace/covid19/src/main/java/modules/admin/UserDashboard/Tile.java",Method,getReason,false
"/Users/benpetito/workspace/covid19/src/main/java/modules/admin/UserDashboard/Tile.java",Method,getTitle,false
"/Users/benpetito/workspace/covid19/src/main/java/modules/admin/UserDashboard/Tile.java",Method,toMarkup,true
"/Users/benpetito/workspace/covid19/src/main/java/modules/admin/UserDashboard/Tile.java",Method,hashCode,false
"/Users/benpetito/workspace/covid19/src/main/java/modules/admin/UserDashboard/Tile.java",Method,equals,true
"/Users/benpetito/workspace/covid19/src/main/java/modules/admin/UserDashboard/UserDashboardFactory.java",Class,UserDashboardFactory,false
"/Users/benpetito/workspace/covid19/src/main/java/modules/admin/UserDashboard/models/UserActivityModel.java",Class,UserActivityModel,false
"/Users/benpetito/workspace/covid19/src/main/java/modules/admin/UserDashboard/models/UserActivityModel.java",Method,getChartData,false
"/Users/benpetito/workspace/covid19/src/main/java/modules/admin/UserDashboard/models/UserActivityContextModel.java",Class,UserActivityContextModel,false
"/Users/benpetito/workspace/covid19/src/main/java/modules/admin/UserDashboard/models/UserActivityContextModel.java",Method,getChartData,false
"/Users/benpetito/workspace/covid19/src/main/java/modules/admin/UserDashboard/models/FavouritesModel.java",Class,FavouritesModel,true
"/Users/benpetito/workspace/covid19/src/main/java/modules/admin/UserDashboard/models/FavouritesModel.java",Method,getColumns,false
"/Users/benpetito/workspace/covid19/src/main/java/modules/admin/UserDashboard/models/FavouritesModel.java",Method,getDescription,false
"/Users/benpetito/workspace/covid19/src/main/java/modules/admin/UserDashboard/UserDashboardBizlet.java",Class,UserDashboardBizlet,false
"/Users/benpetito/workspace/covid19/src/main/java/modules/admin/UserDashboard/UserDashboardBizlet.java",Method,newInstance,false
"/Users/benpetito/workspace/covid19/src/main/java/modules/admin/UserDashboard/actions/UpdateMyDetails.java",Class,UpdateMyDetails,false
"/Users/benpetito/workspace/covid19/src/main/java/modules/admin/UserDashboard/actions/UpdateMyDetails.java",Method,execute,false
"/Users/benpetito/workspace/covid19/src/main/java/modules/admin/ReportDesign/ReportDesignFactory.java",Class,ReportDesignFactory,false
"/Users/benpetito/workspace/covid19/src/main/java/modules/admin/ReportDesign/ReportDesignBizlet.java",Class,ReportDesignBizlet,false
"/Users/benpetito/workspace/covid19/src/main/java/modules/admin/ReportDesign/ReportDesignBizlet.java",Method,newInstance,false
"/Users/benpetito/workspace/covid19/src/main/java/modules/admin/ReportDesign/ReportDesignBizlet.java",Method,beanDesignFromSpecification,true
"/Users/benpetito/workspace/covid19/src/main/java/modules/admin/ReportDesign/ReportDesignBizlet.java",Method,specificationFromDesignBean,true
"/Users/benpetito/workspace/covid19/src/main/java/modules/admin/ReportDesign/ReportDesignBizlet.java",Method,getVariantDomainValues,false
"/Users/benpetito/workspace/covid19/src/main/java/modules/admin/ReportDesign/ReportDesignBizlet.java",Method,getDynamicDomainValues,false
"/Users/benpetito/workspace/covid19/src/main/java/modules/admin/ReportDesign/ReportDesignBizlet.java",Method,preRerender,false
"/Users/benpetito/workspace/covid19/src/main/java/modules/admin/ReportDesign/ReportDesignBizlet.java",Method,resetDesign,false
"/Users/benpetito/workspace/covid19/src/main/java/modules/admin/ReportDesign/ReportDesignBizlet.java",Method,defaultBindingDomainValues,false
"/Users/benpetito/workspace/covid19/src/main/java/modules/admin/ReportDesign/actions/Preview.java",Class,Preview,false
"/Users/benpetito/workspace/covid19/src/main/java/modules/admin/ReportDesign/actions/Preview.java",Method,prepare,false
"/Users/benpetito/workspace/covid19/src/main/java/modules/admin/ReportDesign/actions/Preview.java",Method,download,false
"/Users/benpetito/workspace/covid19/src/main/java/modules/admin/ReportDesign/actions/GenerateDefault.java",Class,GenerateDefault,false
"/Users/benpetito/workspace/covid19/src/main/java/modules/admin/ReportDesign/actions/GenerateDefault.java",Method,execute,false
"/Users/benpetito/workspace/covid19/src/main/java/modules/admin/RDBMSAuditInterceptor.java",Class,RDBMSAuditInterceptor,false
"/Users/benpetito/workspace/covid19/src/main/java/modules/admin/RDBMSAuditInterceptor.java",Method,beforeSave,false
"/Users/benpetito/workspace/covid19/src/main/java/modules/admin/RDBMSAuditInterceptor.java",Method,afterSave,false
"/Users/benpetito/workspace/covid19/src/main/java/modules/admin/RDBMSAuditInterceptor.java",Method,afterDelete,false
"/Users/benpetito/workspace/covid19/src/main/java/modules/admin/RDBMSAuditInterceptor.java",Method,audit,false
"/Users/benpetito/workspace/covid19/src/main/java/modules/admin/ModulesUtil.java",Class,ModulesUtil,true
"/Users/benpetito/workspace/covid19/src/main/java/modules/admin/ModulesUtil.java",Class,DomainValueSortByCode,true
"/Users/benpetito/workspace/covid19/src/main/java/modules/admin/ModulesUtil.java",Class,DomainValueSortByDescription,true
"/Users/benpetito/workspace/covid19/src/main/java/modules/admin/ModulesUtil.java",Method,compare,false
"/Users/benpetito/workspace/covid19/src/main/java/modules/admin/ModulesUtil.java",Method,compare,false
"/Users/benpetito/workspace/covid19/src/main/java/modules/admin/ModulesUtil.java",Method,dayOfWeekToCalendar,true
"/Users/benpetito/workspace/covid19/src/main/java/modules/admin/ModulesUtil.java",Method,calendarToDayOfWeek,true
"/Users/benpetito/workspace/covid19/src/main/java/modules/admin/ModulesUtil.java",Method,annualFrequencyCount,true
"/Users/benpetito/workspace/covid19/src/main/java/modules/admin/ModulesUtil.java",Method,annualPeriodCount,true
"/Users/benpetito/workspace/covid19/src/main/java/modules/admin/ModulesUtil.java",Method,addFrequency,true
"/Users/benpetito/workspace/covid19/src/main/java/modules/admin/ModulesUtil.java",Method,lastDayOfMonth,true
"/Users/benpetito/workspace/covid19/src/main/java/modules/admin/ModulesUtil.java",Method,lastDayOfYear,true
"/Users/benpetito/workspace/covid19/src/main/java/modules/admin/ModulesUtil.java",Method,firstDayOfMonth,true
"/Users/benpetito/workspace/covid19/src/main/java/modules/admin/ModulesUtil.java",Method,firstDayOfYear,true
"/Users/benpetito/workspace/covid19/src/main/java/modules/admin/ModulesUtil.java",Method,addDaysDateOnly,true
"/Users/benpetito/workspace/covid19/src/main/java/modules/admin/ModulesUtil.java",Method,sqlFormatDateOnly,false
"/Users/benpetito/workspace/covid19/src/main/java/modules/admin/ModulesUtil.java",Method,titleCase,true
"/Users/benpetito/workspace/covid19/src/main/java/modules/admin/ModulesUtil.java",Method,calendarMonthNameToNumber,true
"/Users/benpetito/workspace/covid19/src/main/java/modules/admin/ModulesUtil.java",Method,currentAdminUser,true
"/Users/benpetito/workspace/covid19/src/main/java/modules/admin/ModulesUtil.java",Method,currentAdminUserProxy,true
"/Users/benpetito/workspace/covid19/src/main/java/modules/admin/ModulesUtil.java",Method,getCurrentUserContact,false
"/Users/benpetito/workspace/covid19/src/main/java/modules/admin/ModulesUtil.java",Method,addValidationError,false
"/Users/benpetito/workspace/covid19/src/main/java/modules/admin/ModulesUtil.java",Method,getNextDocumentNumber,true
"/Users/benpetito/workspace/covid19/src/main/java/modules/admin/ModulesUtil.java",Method,getNextDocumentNumber,true
"/Users/benpetito/workspace/covid19/src/main/java/modules/admin/ModulesUtil.java",Method,getNextLongDocumentNumber,true
"/Users/benpetito/workspace/covid19/src/main/java/modules/admin/ModulesUtil.java",Method,incrementAlpha,true
"/Users/benpetito/workspace/covid19/src/main/java/modules/admin/ModulesUtil.java",Method,getConditionName,true
"/Users/benpetito/workspace/covid19/src/main/java/modules/admin/ModulesUtil.java",Method,bothNullOrEqual,true
"/Users/benpetito/workspace/covid19/src/main/java/modules/admin/ModulesUtil.java",Method,coalesce,true
"/Users/benpetito/workspace/covid19/src/main/java/modules/admin/ModulesUtil.java",Method,coalesce,true
"/Users/benpetito/workspace/covid19/src/main/java/modules/admin/ModulesUtil.java",Method,coalesce,true
"/Users/benpetito/workspace/covid19/src/main/java/modules/admin/ModulesUtil.java",Method,coalesce,true
"/Users/benpetito/workspace/covid19/src/main/java/modules/admin/ModulesUtil.java",Method,coalesce,true
"/Users/benpetito/workspace/covid19/src/main/java/modules/admin/ModulesUtil.java",Method,coalesce,true
"/Users/benpetito/workspace/covid19/src/main/java/modules/admin/ModulesUtil.java",Method,replaceBindingsInString,true
"/Users/benpetito/workspace/covid19/src/main/java/modules/admin/ModulesUtil.java",Method,concatWithDelim,true
"/Users/benpetito/workspace/covid19/src/main/java/modules/admin/ModulesUtil.java",Method,enquote,true
"/Users/benpetito/workspace/covid19/src/main/java/modules/admin/ModulesUtil.java",Method,hasModule,true
"/Users/benpetito/workspace/covid19/src/main/java/modules/admin/ModulesUtil.java",Method,standardBeanBizExport,true
"/Users/benpetito/workspace/covid19/src/main/java/modules/admin/ModulesUtil.java",Method,standardBeanBizImport,false
"/Users/benpetito/workspace/covid19/src/main/java/modules/admin/ModulesUtil.java",Method,lookupBean,true
"/Users/benpetito/workspace/covid19/src/main/java/modules/admin/ModulesUtil.java",Method,getPersistentIdentifier,true
"/Users/benpetito/workspace/covid19/src/main/java/modules/admin/User/UserExtension.java",Class,UserExtension,false
"/Users/benpetito/workspace/covid19/src/main/java/modules/admin/User/UserExtension.java",Method,getAssignedRoles,false
"/Users/benpetito/workspace/covid19/src/main/java/modules/admin/User/UserExtension.java",Method,toMetaDataUser,true
"/Users/benpetito/workspace/covid19/src/main/java/modules/admin/User/actions/Back.java",Class,Back,false
"/Users/benpetito/workspace/covid19/src/main/java/modules/admin/User/actions/Back.java",Method,execute,false
"/Users/benpetito/workspace/covid19/src/main/java/modules/admin/User/actions/GeneratePassword.java",Class,GeneratePassword,false
"/Users/benpetito/workspace/covid19/src/main/java/modules/admin/User/actions/GeneratePassword.java",Method,execute,false
"/Users/benpetito/workspace/covid19/src/main/java/modules/admin/User/actions/GeneratePassword.java",Method,generatePassword,false
"/Users/benpetito/workspace/covid19/src/main/java/modules/admin/User/actions/Check.java",Class,Check,false
"/Users/benpetito/workspace/covid19/src/main/java/modules/admin/User/actions/Check.java",Method,execute,false
"/Users/benpetito/workspace/covid19/src/main/java/modules/admin/User/actions/Next.java",Class,Next,false
"/Users/benpetito/workspace/covid19/src/main/java/modules/admin/User/actions/Next.java",Method,execute,false
"/Users/benpetito/workspace/covid19/src/main/java/modules/admin/User/actions/Next.java",Method,next,false
"/Users/benpetito/workspace/covid19/src/main/java/modules/admin/User/actions/GenerateUniqueUserName.java",Class,GenerateUniqueUserName,false
"/Users/benpetito/workspace/covid19/src/main/java/modules/admin/User/actions/GenerateUniqueUserName.java",Method,execute,false
"/Users/benpetito/workspace/covid19/src/main/java/modules/admin/User/actions/GenerateUniqueUserName.java",Method,generateUniqueUserNameFromContactName,false
"/Users/benpetito/workspace/covid19/src/main/java/modules/admin/User/actions/New.java",Class,New,false
"/Users/benpetito/workspace/covid19/src/main/java/modules/admin/User/actions/New.java",Method,execute,false
"/Users/benpetito/workspace/covid19/src/main/java/modules/admin/User/UserBizlet.java",Class,UserBizlet,false
"/Users/benpetito/workspace/covid19/src/main/java/modules/admin/User/UserBizlet.java",Method,newInstance,true
"/Users/benpetito/workspace/covid19/src/main/java/modules/admin/User/UserBizlet.java",Method,bizKey,false
"/Users/benpetito/workspace/covid19/src/main/java/modules/admin/User/UserBizlet.java",Method,preRerender,false
"/Users/benpetito/workspace/covid19/src/main/java/modules/admin/User/UserBizlet.java",Method,preExecute,false
"/Users/benpetito/workspace/covid19/src/main/java/modules/admin/User/UserBizlet.java",Method,validate,true
"/Users/benpetito/workspace/covid19/src/main/java/modules/admin/User/UserBizlet.java",Method,getVariantDomainValues,false
"/Users/benpetito/workspace/covid19/src/main/java/modules/admin/User/UserBizlet.java",Method,getCustomerRoleValues,false
"/Users/benpetito/workspace/covid19/src/main/java/modules/admin/User/UserBizlet.java",Method,preSave,false
"/Users/benpetito/workspace/covid19/src/main/java/modules/admin/User/UserBizlet.java",Method,postSave,true
"/Users/benpetito/workspace/covid19/src/main/java/modules/admin/User/UserBizlet.java",Method,validateUserContact,false
"/Users/benpetito/workspace/covid19/src/main/java/modules/admin/User/UserBizlet.java",Method,validateUserNameAndPassword,false
"/Users/benpetito/workspace/covid19/src/main/java/modules/admin/User/UserBizlet.java",Method,validateGroups,false
"/Users/benpetito/workspace/covid19/src/main/java/modules/admin/User/UserFactory.java",Class,UserFactory,false
"/Users/benpetito/workspace/covid19/src/main/java/modules/admin/User/UserFactory.java",Method,crudInstance,false
"/Users/benpetito/workspace/covid19/src/main/java/modules/admin/ImportExport/ImportExportFactory.java",Class,ImportExportFactory,false
"/Users/benpetito/workspace/covid19/src/main/java/modules/admin/ImportExport/ImportExportExtension.java",Class,ImportExportExtension,false
"/Users/benpetito/workspace/covid19/src/main/java/modules/admin/ImportExport/ImportExportExtension.java",Method,anyColumnHasExpression,false
"/Users/benpetito/workspace/covid19/src/main/java/modules/admin/ImportExport/ImportExportBizlet.java",Class,ImportExportBizlet,false
"/Users/benpetito/workspace/covid19/src/main/java/modules/admin/ImportExport/ImportExportBizlet.java",Method,getConstantDomainValues,false
"/Users/benpetito/workspace/covid19/src/main/java/modules/admin/ImportExport/ImportExportBizlet.java",Method,getDynamicDomainValues,false
"/Users/benpetito/workspace/covid19/src/main/java/modules/admin/ImportExport/ImportExportBizlet.java",Method,preRerender,false
"/Users/benpetito/workspace/covid19/src/main/java/modules/admin/ImportExport/ImportExportBizlet.java",Method,updateColumns,false
"/Users/benpetito/workspace/covid19/src/main/java/modules/admin/ImportExport/ImportExportBizlet.java",Method,generateColumns,true
"/Users/benpetito/workspace/covid19/src/main/java/modules/admin/ImportExport/actions/ResetColumns.java",Class,ResetColumns,false
"/Users/benpetito/workspace/covid19/src/main/java/modules/admin/ImportExport/actions/ResetColumns.java",Method,execute,false
"/Users/benpetito/workspace/covid19/src/main/java/modules/admin/ImportExport/actions/RunImport.java",Class,RunImport,false
"/Users/benpetito/workspace/covid19/src/main/java/modules/admin/ImportExport/actions/RunImport.java",Method,execute,false
"/Users/benpetito/workspace/covid19/src/main/java/modules/admin/ImportExport/actions/UploadSimpleImportDataFile.java",Class,UploadSimpleImportDataFile,false
"/Users/benpetito/workspace/covid19/src/main/java/modules/admin/ImportExport/actions/UploadSimpleImportDataFile.java",Method,upload,false
"/Users/benpetito/workspace/covid19/src/main/java/modules/admin/ImportExport/actions/UploadSimpleImportDataFile.java",Method,loadColumnsFromFile,false
"/Users/benpetito/workspace/covid19/src/main/java/modules/admin/ImportExport/actions/RunExport.java",Class,RunExport,false
"/Users/benpetito/workspace/covid19/src/main/java/modules/admin/ImportExport/actions/RunExport.java",Method,prepare,false
"/Users/benpetito/workspace/covid19/src/main/java/modules/admin/ImportExport/actions/RunExport.java",Method,download,false
"/Users/benpetito/workspace/covid19/src/main/java/modules/admin/ImportExport/actions/RunExport.java",Method,generateDownload,true
"/Users/benpetito/workspace/covid19/src/main/java/modules/admin/ImportExport/actions/GetImportTemplate.java",Class,GetImportTemplate,false
"/Users/benpetito/workspace/covid19/src/main/java/modules/admin/ImportExport/actions/GetImportTemplate.java",Method,prepare,false
"/Users/benpetito/workspace/covid19/src/main/java/modules/admin/ImportExport/actions/GetImportTemplate.java",Method,download,false
"/Users/benpetito/workspace/covid19/src/main/java/modules/admin/Address.java",Class,Address,true
"/Users/benpetito/workspace/covid19/src/main/java/modules/admin/Address.java",Method,getAddress,false
"/Users/benpetito/workspace/covid19/src/main/java/modules/admin/Address.java",Method,setAddress,false
"/Users/benpetito/workspace/covid19/src/main/java/modules/admin/Address.java",Method,getCity,false
"/Users/benpetito/workspace/covid19/src/main/java/modules/admin/Address.java",Method,setCity,false
"/Users/benpetito/workspace/covid19/src/main/java/modules/admin/Address.java",Method,getPostcode,false
"/Users/benpetito/workspace/covid19/src/main/java/modules/admin/Address.java",Method,setPostcode,false
"/Users/benpetito/workspace/covid19/src/main/java/modules/admin/Address.java",Method,getState,false
"/Users/benpetito/workspace/covid19/src/main/java/modules/admin/Address.java",Method,setState,false
"/Users/benpetito/workspace/covid19/src/main/java/modules/admin/Address.java",Method,getCountry,false
"/Users/benpetito/workspace/covid19/src/main/java/modules/admin/Address.java",Method,setCountry,false
"/Users/benpetito/workspace/covid19/src/main/java/modules/admin/Address.java",Method,getAddressLine1,false
"/Users/benpetito/workspace/covid19/src/main/java/modules/admin/Address.java",Method,getAddressLine2,false
"/Users/benpetito/workspace/covid19/src/main/java/modules/admin/Address.java",Method,getAddressLine3,false
"/Users/benpetito/workspace/covid19/src/main/java/modules/admin/Address.java",Method,getCompiledAddress,true
"/Users/benpetito/workspace/covid19/src/main/java/modules/admin/Address.java",Method,toString,false
"/Users/benpetito/workspace/covid19/src/main/java/modules/admin/Address.java",Method,getLocationPoint,true
"/Users/benpetito/workspace/covid19/src/main/java/modules/admin/PasswordGenerator.java",Class,PasswordGenerator,false
"/Users/benpetito/workspace/covid19/src/main/java/modules/admin/PasswordGenerator.java",Method,generate,false
"/Users/benpetito/workspace/covid19/src/main/java/modules/admin/UserCandidateContact/UserCandidateContactFactory.java",Class,UserCandidateContactFactory,false
"/Users/benpetito/workspace/covid19/src/main/java/modules/admin/UserCandidateContact/actions/Select.java",Class,Select,false
"/Users/benpetito/workspace/covid19/src/main/java/modules/admin/UserCandidateContact/actions/Select.java",Method,execute,false
"/Users/benpetito/workspace/covid19/src/main/java/modules/admin/Subscription/SubscriptionFactory.java",Class,SubscriptionFactory,false
"/Users/benpetito/workspace/covid19/src/main/java/modules/admin/Subscription/SubscriptionFactory.java",Method,crudInstance,false
"/Users/benpetito/workspace/covid19/src/main/java/modules/admin/Subscription/SubscriptionBizlet.java",Class,SubscriptionBizlet,false
"/Users/benpetito/workspace/covid19/src/main/java/modules/admin/Subscription/SubscriptionBizlet.java",Method,validate,true
"/Users/benpetito/workspace/covid19/src/main/java/modules/admin/Subscription/SubscriptionBizlet.java",Method,anonymouslyUnsubscribe,true
"/Users/benpetito/workspace/covid19/src/main/java/modules/admin/Subscription/SubscriptionBizlet.java",Method,anonymouslyCheckSubscriptionPublicUser,true
"/Users/benpetito/workspace/covid19/src/main/java/modules/admin/Subscription/SubscriptionBizlet.java",Method,anonymouslySubscriptionExists,true
"/Users/benpetito/workspace/covid19/src/main/java/modules/admin/CommunicationTemplate/CommunicationTemplateBizlet.java",Class,CommunicationTemplateBizlet,false
"/Users/benpetito/workspace/covid19/src/main/java/modules/admin/CommunicationTemplate/CommunicationTemplateBizlet.java",Method,validate,false
"/Users/benpetito/workspace/covid19/src/main/java/modules/admin/CommunicationTemplate/CommunicationTemplateFactory.java",Class,CommunicationTemplateFactory,false
"/Users/benpetito/workspace/covid19/src/main/java/modules/admin/CommunicationTemplate/CommunicationTemplateFactory.java",Method,crudInstance,false
"/Users/benpetito/workspace/covid19/src/main/java/modules/admin/ThemeCharter.java",Class,ThemeCharter,false
"/Users/benpetito/workspace/covid19/src/main/java/modules/admin/ThemeCharter.java",Method,getSql,false
"/Users/benpetito/workspace/covid19/src/main/java/modules/admin/ThemeCharter.java",Method,setSql,false
"/Users/benpetito/workspace/covid19/src/main/java/modules/admin/ThemeCharter.java",Method,getThemeColour,false
"/Users/benpetito/workspace/covid19/src/main/java/modules/admin/ThemeCharter.java",Method,setThemeColour,false
"/Users/benpetito/workspace/covid19/src/main/java/modules/admin/ThemeCharter.java",Method,getCurrent,false
"/Users/benpetito/workspace/covid19/src/main/java/modules/admin/ThemeCharter.java",Method,nextColour,false
"/Users/benpetito/workspace/covid19/src/main/java/modules/admin/ThemeCharter.java",Method,getBarChartImage,false
"/Users/benpetito/workspace/covid19/src/main/java/modules/admin/ThemeCharter.java",Method,getLineChartImage,false
"/Users/benpetito/workspace/covid19/src/main/java/modules/admin/ThemeCharter.java",Method,getAreaChartImage,false
"/Users/benpetito/workspace/covid19/src/main/java/modules/admin/ThemeCharter.java",Method,getPieChartImage,false
"/Users/benpetito/workspace/covid19/src/main/java/modules/admin/ThemeCharter.java",Method,getFabulator,true
"/Users/benpetito/workspace/covid19/src/main/java/modules/admin/UserList/BulkUserCreationJob.java",Class,BulkUserCreationJob,false
"/Users/benpetito/workspace/covid19/src/main/java/modules/admin/UserList/BulkUserCreationJob.java",Method,cancel,false
"/Users/benpetito/workspace/covid19/src/main/java/modules/admin/UserList/BulkUserCreationJob.java",Method,execute,false
"/Users/benpetito/workspace/covid19/src/main/java/modules/admin/UserList/BulkUserCreationJob.java",Method,kickoffJob,false
"/Users/benpetito/workspace/covid19/src/main/java/modules/admin/UserList/BulkUserCreationJob.java",Method,getValidatedContacts,true
"/Users/benpetito/workspace/covid19/src/main/java/modules/admin/UserList/BulkUserCreationJob.java",Method,createUserFromContact,true
"/Users/benpetito/workspace/covid19/src/main/java/modules/admin/UserList/UserListUtil.java",Class,UserListUtil,false
"/Users/benpetito/workspace/covid19/src/main/java/modules/admin/UserList/actions/InviteUsers.java",Class,InviteUsers,false
"/Users/benpetito/workspace/covid19/src/main/java/modules/admin/UserList/actions/InviteUsers.java",Method,execute,false
"/Users/benpetito/workspace/covid19/src/main/java/modules/admin/UserList/actions/CreateUsers.java",Class,CreateUsers,false
"/Users/benpetito/workspace/covid19/src/main/java/modules/admin/UserList/actions/CreateUsers.java",Method,execute,false
"/Users/benpetito/workspace/covid19/src/main/java/modules/admin/Audit/AuditFactory.java",Class,AuditFactory,false
"/Users/benpetito/workspace/covid19/src/main/java/modules/admin/Audit/AuditFactory.java",Method,crudInstance,false
"/Users/benpetito/workspace/covid19/src/main/java/modules/admin/Audit/models/AuditComparisonModel.java",Class,AuditComparisonModel,false
"/Users/benpetito/workspace/covid19/src/main/java/modules/admin/Audit/models/AuditComparisonModel.java",Method,getComparisonComposite,false
"/Users/benpetito/workspace/covid19/src/main/java/modules/admin/Audit/actions/SourceVersionChanged.java",Class,SourceVersionChanged,false
"/Users/benpetito/workspace/covid19/src/main/java/modules/admin/Audit/actions/SourceVersionChanged.java",Method,execute,false
"/Users/benpetito/workspace/covid19/src/main/java/modules/admin/Audit/actions/SourceVersionChanged.java",Method,sourceVersionChanged,false
"/Users/benpetito/workspace/covid19/src/main/java/modules/admin/Audit/AuditBizlet.java",Class,AuditBizlet,false
"/Users/benpetito/workspace/covid19/src/main/java/modules/admin/Audit/AuditBizlet.java",Method,preExecute,false
"/Users/benpetito/workspace/covid19/src/main/java/modules/admin/Audit/AuditBizlet.java",Method,getDynamicDomainValues,false
"/Users/benpetito/workspace/covid19/src/main/java/modules/admin/Audit/AuditBizlet.java",Method,getVersions,false
"/Users/benpetito/workspace/covid19/src/main/java/modules/admin/ChangePassword/ChangePasswordFactory.java",Class,ChangePasswordFactory,false
"/Users/benpetito/workspace/covid19/src/main/java/modules/admin/ChangePassword/actions/MakePasswordChange.java",Class,MakePasswordChange,false
"/Users/benpetito/workspace/covid19/src/main/java/modules/admin/ChangePassword/actions/MakePasswordChange.java",Method,execute,false
"/Users/benpetito/workspace/covid19/src/main/java/modules/admin/AuditJSONGenerator.java",Class,AuditJSONGenerator,false
"/Users/benpetito/workspace/covid19/src/main/java/modules/admin/AuditJSONGenerator.java",Method,toJSON,false
"/Users/benpetito/workspace/covid19/src/main/java/modules/admin/DocumentCreator/DocumentCreatorBizlet.java",Class,DocumentCreatorBizlet,false
"/Users/benpetito/workspace/covid19/src/main/java/modules/admin/DocumentCreator/DocumentCreatorBizlet.java",Method,getVariantDomainValues,false
"/Users/benpetito/workspace/covid19/src/main/java/modules/admin/DocumentCreator/DocumentCreatorBizlet.java",Method,newInstance,false
"/Users/benpetito/workspace/covid19/src/main/java/modules/admin/DocumentCreator/actions/UpdatePreview.java",Class,UpdatePreview,false
"/Users/benpetito/workspace/covid19/src/main/java/modules/admin/DocumentCreator/actions/UpdatePreview.java",Method,execute,false
"/Users/benpetito/workspace/covid19/src/main/java/modules/admin/DocumentCreator/actions/Submit.java",Class,Submit,false
"/Users/benpetito/workspace/covid19/src/main/java/modules/admin/DocumentCreator/actions/Submit.java",Method,execute,false
"/Users/benpetito/workspace/covid19/src/main/java/modules/admin/ImportExportColumn/ImportExportColumnBizlet.java",Class,ImportExportColumnBizlet,false
"/Users/benpetito/workspace/covid19/src/main/java/modules/admin/ImportExportColumn/ImportExportColumnBizlet.java",Method,getDynamicDomainValues,false
"/Users/benpetito/workspace/covid19/src/main/java/modules/admin/ImportExportColumn/ImportExportColumnBizlet.java",Method,preExecute,false
"/Users/benpetito/workspace/covid19/src/main/java/modules/admin/Communication/CommunicationExtension.java",Class,CommunicationExtension,false
"/Users/benpetito/workspace/covid19/src/main/java/modules/admin/Communication/CommunicationExtension.java",Method,getBasePath,false
"/Users/benpetito/workspace/covid19/src/main/java/modules/admin/Communication/CommunicationExtension.java",Method,getBatch,false
"/Users/benpetito/workspace/covid19/src/main/java/modules/admin/Communication/CommunicationFactory.java",Class,CommunicationFactory,false
"/Users/benpetito/workspace/covid19/src/main/java/modules/admin/Communication/CommunicationFactory.java",Method,crudInstance,false
"/Users/benpetito/workspace/covid19/src/main/java/modules/admin/Communication/CommunicationFactory.java",Method,sail,false
"/Users/benpetito/workspace/covid19/src/main/java/modules/admin/Communication/CommunicationUtil.java",Class,CommunicationUtil,false
"/Users/benpetito/workspace/covid19/src/main/java/modules/admin/Communication/CommunicationUtil.java",Method,send,true
"/Users/benpetito/workspace/covid19/src/main/java/modules/admin/Communication/CommunicationUtil.java",Method,send,true
"/Users/benpetito/workspace/covid19/src/main/java/modules/admin/Communication/CommunicationUtil.java",Method,generate,true
"/Users/benpetito/workspace/covid19/src/main/java/modules/admin/Communication/CommunicationUtil.java",Method,getSystemCommunicationByDescription,true
"/Users/benpetito/workspace/covid19/src/main/java/modules/admin/Communication/CommunicationUtil.java",Method,sendSimpleBeanCommunication,true
"/Users/benpetito/workspace/covid19/src/main/java/modules/admin/Communication/CommunicationUtil.java",Method,initialiseSystemCommunication,true
"/Users/benpetito/workspace/covid19/src/main/java/modules/admin/Communication/CommunicationUtil.java",Method,initialiseSystemCommunication,false
"/Users/benpetito/workspace/covid19/src/main/java/modules/admin/Communication/CommunicationUtil.java",Method,sendFailSafeSystemCommunication,true
"/Users/benpetito/workspace/covid19/src/main/java/modules/admin/Communication/CommunicationUtil.java",Method,sendFailSafeSystemCommunication,false
"/Users/benpetito/workspace/covid19/src/main/java/modules/admin/Communication/CommunicationUtil.java",Method,sendFailSafeSystemCommunication,true
"/Users/benpetito/workspace/covid19/src/main/java/modules/admin/Communication/CommunicationUtil.java",Method,sendFailSafeSystemCommunication,false
"/Users/benpetito/workspace/covid19/src/main/java/modules/admin/Communication/CommunicationUtil.java",Method,kickOffJob,true
"/Users/benpetito/workspace/covid19/src/main/java/modules/admin/Communication/CommunicationUtil.java",Method,formatCommunicationMessage,true
"/Users/benpetito/workspace/covid19/src/main/java/modules/admin/Communication/ProcessCommunicationForTagJob.java",Class,ProcessCommunicationForTagJob,false
"/Users/benpetito/workspace/covid19/src/main/java/modules/admin/Communication/ProcessCommunicationForTagJob.java",Method,cancel,false
"/Users/benpetito/workspace/covid19/src/main/java/modules/admin/Communication/ProcessCommunicationForTagJob.java",Method,execute,false
"/Users/benpetito/workspace/covid19/src/main/java/modules/admin/Communication/models/BatchesModel.java",Class,BatchesModel,false
"/Users/benpetito/workspace/covid19/src/main/java/modules/admin/Communication/models/BatchesModel.java",Method,getDescription,false
"/Users/benpetito/workspace/covid19/src/main/java/modules/admin/Communication/models/BatchesModel.java",Method,getDrivingDocument,false
"/Users/benpetito/workspace/covid19/src/main/java/modules/admin/Communication/models/BatchesModel.java",Method,getColumns,false
"/Users/benpetito/workspace/covid19/src/main/java/modules/admin/Communication/models/BatchesModel.java",Method,getProjections,false
"/Users/benpetito/workspace/covid19/src/main/java/modules/admin/Communication/models/BatchesModel.java",Method,getFilter,false
"/Users/benpetito/workspace/covid19/src/main/java/modules/admin/Communication/models/BatchesModel.java",Method,newFilter,false
"/Users/benpetito/workspace/covid19/src/main/java/modules/admin/Communication/models/BatchesModel.java",Method,putParameter,false
"/Users/benpetito/workspace/covid19/src/main/java/modules/admin/Communication/models/BatchesModel.java",Method,fetch,false
"/Users/benpetito/workspace/covid19/src/main/java/modules/admin/Communication/models/BatchesModel.java",Method,iterate,false
"/Users/benpetito/workspace/covid19/src/main/java/modules/admin/Communication/models/BatchesModel.java",Method,update,false
"/Users/benpetito/workspace/covid19/src/main/java/modules/admin/Communication/models/BatchesModel.java",Method,remove,false
"/Users/benpetito/workspace/covid19/src/main/java/modules/admin/Communication/CommunicationBizlet.java",Class,CommunicationBizlet,false
"/Users/benpetito/workspace/covid19/src/main/java/modules/admin/Communication/CommunicationBizlet.java",Method,newInstance,false
"/Users/benpetito/workspace/covid19/src/main/java/modules/admin/Communication/CommunicationBizlet.java",Method,preExecute,false
"/Users/benpetito/workspace/covid19/src/main/java/modules/admin/Communication/CommunicationBizlet.java",Method,checkForUnsavedData,false
"/Users/benpetito/workspace/covid19/src/main/java/modules/admin/Communication/CommunicationBizlet.java",Method,getDynamicDomainValues,false
"/Users/benpetito/workspace/covid19/src/main/java/modules/admin/Communication/CommunicationBizlet.java",Method,getVariantDomainValues,false
"/Users/benpetito/workspace/covid19/src/main/java/modules/admin/Communication/CommunicationBizlet.java",Method,preDelete,false
"/Users/benpetito/workspace/covid19/src/main/java/modules/admin/Communication/CommunicationBizlet.java",Method,preRerender,false
"/Users/benpetito/workspace/covid19/src/main/java/modules/admin/Communication/CommunicationBizlet.java",Method,anonymouslyCommunicationExists,true
"/Users/benpetito/workspace/covid19/src/main/java/modules/admin/Communication/CommunicationBizlet.java",Method,setLinks,false
"/Users/benpetito/workspace/covid19/src/main/java/modules/admin/Communication/actions/GetResults.java",Class,GetResults,false
"/Users/benpetito/workspace/covid19/src/main/java/modules/admin/Communication/actions/GetResults.java",Method,execute,false
"/Users/benpetito/workspace/covid19/src/main/java/modules/admin/Communication/actions/GetResults.java",Method,getResults,false
"/Users/benpetito/workspace/covid19/src/main/java/modules/admin/Communication/actions/AddImage.java",Class,AddImage,false
"/Users/benpetito/workspace/covid19/src/main/java/modules/admin/Communication/actions/AddImage.java",Method,upload,false
"/Users/benpetito/workspace/covid19/src/main/java/modules/admin/Communication/actions/CreateFiles.java",Class,CreateFiles,false
"/Users/benpetito/workspace/covid19/src/main/java/modules/admin/Communication/actions/CreateFiles.java",Method,execute,true
"/Users/benpetito/workspace/covid19/src/main/java/modules/admin/Communication/actions/GetCount.java",Class,GetCount,false
"/Users/benpetito/workspace/covid19/src/main/java/modules/admin/Communication/actions/GetCount.java",Method,execute,false
"/Users/benpetito/workspace/covid19/src/main/java/modules/admin/Communication/actions/TestSend.java",Class,TestSend,false
"/Users/benpetito/workspace/covid19/src/main/java/modules/admin/Communication/actions/TestSend.java",Method,execute,false
"/Users/benpetito/workspace/covid19/src/main/java/modules/admin/Communication/actions/AddUnsubscribeLink.java",Class,AddUnsubscribeLink,false
"/Users/benpetito/workspace/covid19/src/main/java/modules/admin/Communication/actions/AddUnsubscribeLink.java",Method,execute,true
"/Users/benpetito/workspace/covid19/src/main/java/modules/admin/Communication/actions/DeleteBatch.java",Class,DeleteBatch,false
"/Users/benpetito/workspace/covid19/src/main/java/modules/admin/Communication/actions/DeleteBatch.java",Method,execute,false
"/Users/benpetito/workspace/covid19/src/main/java/modules/admin/Communication/actions/ZipBatch.java",Class,ZipBatch,false
"/Users/benpetito/workspace/covid19/src/main/java/modules/admin/Communication/actions/ZipBatch.java",Method,prepare,false
"/Users/benpetito/workspace/covid19/src/main/java/modules/admin/Communication/actions/ZipBatch.java",Method,download,false
"/Users/benpetito/workspace/covid19/src/main/java/modules/admin/Communication/actions/BatchSelected.java",Class,BatchSelected,false
"/Users/benpetito/workspace/covid19/src/main/java/modules/admin/Communication/actions/BatchSelected.java",Method,execute,false
"/Users/benpetito/workspace/covid19/src/main/java/modules/admin/Communication/actions/SendNow.java",Class,SendNow,false
"/Users/benpetito/workspace/covid19/src/main/java/modules/admin/Communication/actions/SendNow.java",Method,execute,false
"/Users/benpetito/workspace/covid19/src/main/java/modules/admin/Communication/CommunicationCalendarItem.java",Class,CommunicationCalendarItem,false
"/Users/benpetito/workspace/covid19/src/main/java/modules/admin/Communication/CommunicationCalendarItem.java",Method,getGoogleCalendarLink,false
"/Users/benpetito/workspace/covid19/src/main/java/modules/admin/Communication/CommunicationCalendarItem.java",Method,setGoogleCalendarLink,false
"/Users/benpetito/workspace/covid19/src/main/java/modules/admin/Communication/CommunicationCalendarItem.java",Method,getYahooCalendarLink,false
"/Users/benpetito/workspace/covid19/src/main/java/modules/admin/Communication/CommunicationCalendarItem.java",Method,setYahooCalendarLink,false
"/Users/benpetito/workspace/covid19/src/main/java/modules/admin/Communication/CommunicationCalendarItem.java",Method,getIcsFileAttachment,false
"/Users/benpetito/workspace/covid19/src/main/java/modules/admin/Communication/CommunicationCalendarItem.java",Method,setIcsFileAttachment,false
"/Users/benpetito/workspace/covid19/src/main/java/modules/admin/Jobs/JobsBizlet.java",Class,JobsBizlet,false
"/Users/benpetito/workspace/covid19/src/main/java/modules/admin/Jobs/JobsBizlet.java",Method,newInstance,false
"/Users/benpetito/workspace/covid19/src/main/java/modules/admin/Jobs/JobsBizlet.java",Method,refresh,false
"/Users/benpetito/workspace/covid19/src/main/java/modules/admin/Jobs/actions/Refresh.java",Class,Refresh,true
"/Users/benpetito/workspace/covid19/src/main/java/modules/admin/Jobs/actions/Refresh.java",Method,execute,false
"/Users/benpetito/workspace/covid19/src/main/java/modules/admin/Jobs/actions/DeleteCompletedJobs.java",Class,DeleteCompletedJobs,false
"/Users/benpetito/workspace/covid19/src/main/java/modules/admin/Jobs/actions/DeleteCompletedJobs.java",Method,execute,false
"/Users/benpetito/workspace/covid19/src/main/java/modules/admin/Jobs/JobsFactory.java",Class,JobsFactory,false
"/Users/benpetito/workspace/covid19/src/main/java/modules/admin/DataGroupUtil.java",Class,DataGroupUtil,false
"/Users/benpetito/workspace/covid19/src/main/java/modules/admin/DataGroupUtil.java",Method,publishToDataGroup,true
"/Users/benpetito/workspace/covid19/src/main/java/modules/admin/DataGroupUtil.java",Method,currentAdminUserIsInDataGroup,false
"/Users/benpetito/workspace/covid19/src/main/java/modules/admin/DataGroupUtil.java",Method,getDataGroupDomainValues,true
"/Users/benpetito/workspace/covid19/src/main/java/modules/admin/DataGroupUtil.java",Method,getBeanDataGroup,true
"/Users/benpetito/workspace/covid19/src/main/java/modules/admin/Startup/StartupExtension.java",Class,StartupExtension,false
"/Users/benpetito/workspace/covid19/src/main/java/modules/admin/Startup/StartupExtension.java",Method,loadProperties,true
"/Users/benpetito/workspace/covid19/src/main/java/modules/admin/Startup/StartupExtension.java",Method,saveConfiguration,true
"/Users/benpetito/workspace/covid19/src/main/java/modules/admin/Startup/StartupExtension.java",Method,setDontShow,true
"/Users/benpetito/workspace/covid19/src/main/java/modules/admin/Startup/StartupFactory.java",Class,StartupFactory,false
"/Users/benpetito/workspace/covid19/src/main/java/modules/admin/Startup/StartupBizlet.java",Class,StartupBizlet,false
"/Users/benpetito/workspace/covid19/src/main/java/modules/admin/Startup/StartupBizlet.java",Method,newInstance,false
"/Users/benpetito/workspace/covid19/src/main/java/modules/admin/Startup/StartupBizlet.java",Method,preRerender,false
"/Users/benpetito/workspace/covid19/src/main/java/modules/admin/Startup/actions/SaveChanges.java",Class,SaveChanges,false
"/Users/benpetito/workspace/covid19/src/main/java/modules/admin/Startup/actions/SaveChanges.java",Method,execute,false
"/Users/benpetito/workspace/covid19/src/main/java/modules/admin/Startup/actions/Dismiss.java",Class,Dismiss,false
"/Users/benpetito/workspace/covid19/src/main/java/modules/admin/Startup/actions/Dismiss.java",Method,execute,false
"/Users/benpetito/workspace/covid19/src/main/java/modules/admin/Tag/TagBizlet.java",Class,TagBizlet,false
"/Users/benpetito/workspace/covid19/src/main/java/modules/admin/Tag/TagBizlet.java",Method,getDynamicDomainValues,false
"/Users/benpetito/workspace/covid19/src/main/java/modules/admin/Tag/TagBizlet.java",Method,preExecute,false
"/Users/benpetito/workspace/covid19/src/main/java/modules/admin/Tag/TagBizlet.java",Method,getVariantDomainValues,false
"/Users/benpetito/workspace/covid19/src/main/java/modules/admin/Tag/TagBizlet.java",Method,union,true
"/Users/benpetito/workspace/covid19/src/main/java/modules/admin/Tag/TagBizlet.java",Method,intersect,true
"/Users/benpetito/workspace/covid19/src/main/java/modules/admin/Tag/TagBizlet.java",Method,except,true
"/Users/benpetito/workspace/covid19/src/main/java/modules/admin/Tag/TagBizlet.java",Method,getTaggedItemsForDocument,true
"/Users/benpetito/workspace/covid19/src/main/java/modules/admin/Tag/TagBizlet.java",Method,getCount,true
"/Users/benpetito/workspace/covid19/src/main/java/modules/admin/Tag/TagBizlet.java",Method,getCountOfDocument,true
"/Users/benpetito/workspace/covid19/src/main/java/modules/admin/Tag/TagBizlet.java",Method,preRerender,false
"/Users/benpetito/workspace/covid19/src/main/java/modules/admin/Tag/TagDefaultAction.java",Method,toCode,false
"/Users/benpetito/workspace/covid19/src/main/java/modules/admin/Tag/TagDefaultAction.java",Method,toDescription,false
"/Users/benpetito/workspace/covid19/src/main/java/modules/admin/Tag/TagDefaultAction.java",Method,fromCode,false
"/Users/benpetito/workspace/covid19/src/main/java/modules/admin/Tag/TagDefaultAction.java",Method,fromDescription,false
"/Users/benpetito/workspace/covid19/src/main/java/modules/admin/Tag/TagDefaultAction.java",Method,toDomainValues,false
"/Users/benpetito/workspace/covid19/src/main/java/modules/admin/Tag/TagDefaultAction.java",Method,isDefaultTagAction,false
"/Users/benpetito/workspace/covid19/src/main/java/modules/admin/Tag/PerformDocumentActionForTagJob.java",Class,PerformDocumentActionForTagJob,false
"/Users/benpetito/workspace/covid19/src/main/java/modules/admin/Tag/PerformDocumentActionForTagJob.java",Method,cancel,false
"/Users/benpetito/workspace/covid19/src/main/java/modules/admin/Tag/PerformDocumentActionForTagJob.java",Method,execute,false
"/Users/benpetito/workspace/covid19/src/main/java/modules/admin/Tag/actions/CopyTagToUser.java",Class,CopyTagToUser,false
"/Users/benpetito/workspace/covid19/src/main/java/modules/admin/Tag/actions/CopyTagToUser.java",Method,execute,true
"/Users/benpetito/workspace/covid19/src/main/java/modules/admin/Tag/actions/TagAll.java",Class,TagAll,false
"/Users/benpetito/workspace/covid19/src/main/java/modules/admin/Tag/actions/TagAll.java",Method,execute,true
"/Users/benpetito/workspace/covid19/src/main/java/modules/admin/Tag/actions/PerformCombination.java",Class,PerformCombination,false
"/Users/benpetito/workspace/covid19/src/main/java/modules/admin/Tag/actions/PerformCombination.java",Method,execute,true
"/Users/benpetito/workspace/covid19/src/main/java/modules/admin/Tag/actions/PrepareExplanation.java",Class,PrepareExplanation,false
"/Users/benpetito/workspace/covid19/src/main/java/modules/admin/Tag/actions/PrepareExplanation.java",Method,execute,true
"/Users/benpetito/workspace/covid19/src/main/java/modules/admin/Tag/actions/UploadTagCriteria.java",Class,UploadTagCriteria,false
"/Users/benpetito/workspace/covid19/src/main/java/modules/admin/Tag/actions/UploadTagCriteria.java",Method,upload,false
"/Users/benpetito/workspace/covid19/src/main/java/modules/admin/Tag/actions/Clear.java",Class,Clear,false
"/Users/benpetito/workspace/covid19/src/main/java/modules/admin/Tag/actions/Clear.java",Method,execute,true
"/Users/benpetito/workspace/covid19/src/main/java/modules/admin/Tag/actions/BulkDocumentAction.java",Class,BulkDocumentAction,false
"/Users/benpetito/workspace/covid19/src/main/java/modules/admin/Tag/actions/BulkDocumentAction.java",Method,execute,true
"/Users/benpetito/workspace/covid19/src/main/java/modules/admin/Tag/TagFactory.java",Class,TagFactory,false
"/Users/benpetito/workspace/covid19/src/main/java/modules/admin/Tag/TagFactory.java",Method,crudInstance,false
"/Users/benpetito/workspace/covid19/src/main/java/modules/admin/Tag/TagFactory.java",Method,sail,false
"/Users/benpetito/workspace/covid19/src/main/java/modules/admin/SelfRegistration/SelfRegistrationExtension.java",Class,SelfRegistrationExtension,false
"/Users/benpetito/workspace/covid19/src/main/java/modules/admin/SelfRegistration/SelfRegistrationExtension.java",Method,validateConfirmPassword,true
"/Users/benpetito/workspace/covid19/src/main/java/modules/admin/SelfRegistration/SelfRegistrationExtension.java",Method,generateActivationLink,false
"/Users/benpetito/workspace/covid19/src/main/java/modules/admin/SelfRegistration/SelfRegistrationExtension.java",Method,getSelfRegistrationAllowed,false
"/Users/benpetito/workspace/covid19/src/main/java/modules/admin/SelfRegistration/SelfRegistrationBizlet.java",Class,SelfRegistrationBizlet,false
"/Users/benpetito/workspace/covid19/src/main/java/modules/admin/SelfRegistration/SelfRegistrationBizlet.java",Method,newInstance,false
"/Users/benpetito/workspace/covid19/src/main/java/modules/admin/SelfRegistration/SelfRegistrationBizlet.java",Method,validate,false
"/Users/benpetito/workspace/covid19/src/main/java/modules/admin/SelfRegistration/actions/Register.java",Class,Register,true
"/Users/benpetito/workspace/covid19/src/main/java/modules/admin/SelfRegistration/actions/Register.java",Method,execute,false
"/Users/benpetito/workspace/covid19/src/main/java/modules/admin/DataMaintenance/BackupJob.java",Class,BackupJob,false
"/Users/benpetito/workspace/covid19/src/main/java/modules/admin/DataMaintenance/BackupJob.java",Method,cancel,false
"/Users/benpetito/workspace/covid19/src/main/java/modules/admin/DataMaintenance/BackupJob.java",Method,execute,false
"/Users/benpetito/workspace/covid19/src/main/java/modules/admin/DataMaintenance/DataMaintenanceFactory.java",Class,DataMaintenanceFactory,false
"/Users/benpetito/workspace/covid19/src/main/java/modules/admin/DataMaintenance/DataMaintenanceFactory.java",Method,crudInstance,false
"/Users/benpetito/workspace/covid19/src/main/java/modules/admin/DataMaintenance/DataMaintenanceBizlet.java",Class,DataMaintenanceBizlet,false
"/Users/benpetito/workspace/covid19/src/main/java/modules/admin/DataMaintenance/DataMaintenanceBizlet.java",Method,newInstance,false
"/Users/benpetito/workspace/covid19/src/main/java/modules/admin/DataMaintenance/DataMaintenanceBizlet.java",Method,getConstantDomainValues,false
"/Users/benpetito/workspace/covid19/src/main/java/modules/admin/DataMaintenance/DataMaintenanceBizlet.java",Method,preRerender,false
"/Users/benpetito/workspace/covid19/src/main/java/modules/admin/DataMaintenance/DataMaintenanceBizlet.java",Method,getDynamicDomainValues,false
"/Users/benpetito/workspace/covid19/src/main/java/modules/admin/DataMaintenance/models/ContentModel.java",Class,ContentModel,false
"/Users/benpetito/workspace/covid19/src/main/java/modules/admin/DataMaintenance/models/ContentModel.java",Method,getDescription,false
"/Users/benpetito/workspace/covid19/src/main/java/modules/admin/DataMaintenance/models/ContentModel.java",Method,getDrivingDocument,false
"/Users/benpetito/workspace/covid19/src/main/java/modules/admin/DataMaintenance/models/ContentModel.java",Method,getColumns,false
"/Users/benpetito/workspace/covid19/src/main/java/modules/admin/DataMaintenance/models/ContentModel.java",Method,getProjections,false
"/Users/benpetito/workspace/covid19/src/main/java/modules/admin/DataMaintenance/models/ContentModel.java",Method,getFilter,false
"/Users/benpetito/workspace/covid19/src/main/java/modules/admin/DataMaintenance/models/ContentModel.java",Method,newFilter,false
"/Users/benpetito/workspace/covid19/src/main/java/modules/admin/DataMaintenance/models/ContentModel.java",Method,putParameter,false
"/Users/benpetito/workspace/covid19/src/main/java/modules/admin/DataMaintenance/models/ContentModel.java",Method,fetch,false
"/Users/benpetito/workspace/covid19/src/main/java/modules/admin/DataMaintenance/models/ContentModel.java",Method,iterate,false
"/Users/benpetito/workspace/covid19/src/main/java/modules/admin/DataMaintenance/models/ContentModel.java",Method,update,false
"/Users/benpetito/workspace/covid19/src/main/java/modules/admin/DataMaintenance/models/ContentModel.java",Method,remove,false
"/Users/benpetito/workspace/covid19/src/main/java/modules/admin/DataMaintenance/models/BackupsModel.java",Class,BackupsModel,false
"/Users/benpetito/workspace/covid19/src/main/java/modules/admin/DataMaintenance/models/BackupsModel.java",Method,getDescription,false
"/Users/benpetito/workspace/covid19/src/main/java/modules/admin/DataMaintenance/models/BackupsModel.java",Method,getDrivingDocument,false
"/Users/benpetito/workspace/covid19/src/main/java/modules/admin/DataMaintenance/models/BackupsModel.java",Method,getColumns,false
"/Users/benpetito/workspace/covid19/src/main/java/modules/admin/DataMaintenance/models/BackupsModel.java",Method,getProjections,false
"/Users/benpetito/workspace/covid19/src/main/java/modules/admin/DataMaintenance/models/BackupsModel.java",Method,getFilter,false
"/Users/benpetito/workspace/covid19/src/main/java/modules/admin/DataMaintenance/models/BackupsModel.java",Method,newFilter,false
"/Users/benpetito/workspace/covid19/src/main/java/modules/admin/DataMaintenance/models/BackupsModel.java",Method,putParameter,false
"/Users/benpetito/workspace/covid19/src/main/java/modules/admin/DataMaintenance/models/BackupsModel.java",Method,fetch,false
"/Users/benpetito/workspace/covid19/src/main/java/modules/admin/DataMaintenance/models/BackupsModel.java",Method,iterate,false
"/Users/benpetito/workspace/covid19/src/main/java/modules/admin/DataMaintenance/models/BackupsModel.java",Method,update,false
"/Users/benpetito/workspace/covid19/src/main/java/modules/admin/DataMaintenance/models/BackupsModel.java",Method,remove,false
"/Users/benpetito/workspace/covid19/src/main/java/modules/admin/DataMaintenance/TruncateAuditLogJob.java",Class,TruncateAuditLogJob,false
"/Users/benpetito/workspace/covid19/src/main/java/modules/admin/DataMaintenance/TruncateAuditLogJob.java",Method,cancel,false
"/Users/benpetito/workspace/covid19/src/main/java/modules/admin/DataMaintenance/TruncateAuditLogJob.java",Method,execute,false
"/Users/benpetito/workspace/covid19/src/main/java/modules/admin/DataMaintenance/RefreshDocumentTuplesJob.java",Class,RefreshDocumentTuplesJob,false
"/Users/benpetito/workspace/covid19/src/main/java/modules/admin/DataMaintenance/RefreshDocumentTuplesJob.java",Method,cancel,false
"/Users/benpetito/workspace/covid19/src/main/java/modules/admin/DataMaintenance/RefreshDocumentTuplesJob.java",Method,execute,false
"/Users/benpetito/workspace/covid19/src/main/java/modules/admin/DataMaintenance/DataMaintenanceExtension.java",Class,DataMaintenanceExtension,true
"/Users/benpetito/workspace/covid19/src/main/java/modules/admin/DataMaintenance/DataMaintenanceExtension.java",Method,getPreProcess,false
"/Users/benpetito/workspace/covid19/src/main/java/modules/admin/DataMaintenance/DataMaintenanceExtension.java",Method,getContentOption,false
"/Users/benpetito/workspace/covid19/src/main/java/modules/admin/DataMaintenance/DataMaintenanceExtension.java",Method,getIndexingOption,false
"/Users/benpetito/workspace/covid19/src/main/java/modules/admin/DataMaintenance/DataMaintenanceExtension.java",Method,backupDirectoryPrefix,false
"/Users/benpetito/workspace/covid19/src/main/java/modules/admin/DataMaintenance/DataMaintenanceExtension.java",Method,backups,false
"/Users/benpetito/workspace/covid19/src/main/java/modules/admin/DataMaintenance/actions/RefreshDocumentTuples.java",Class,RefreshDocumentTuples,false
"/Users/benpetito/workspace/covid19/src/main/java/modules/admin/DataMaintenance/actions/RefreshDocumentTuples.java",Method,execute,false
"/Users/benpetito/workspace/covid19/src/main/java/modules/admin/DataMaintenance/actions/Reindex.java",Class,Reindex,false
"/Users/benpetito/workspace/covid19/src/main/java/modules/admin/DataMaintenance/actions/Reindex.java",Method,execute,false
"/Users/benpetito/workspace/covid19/src/main/java/modules/admin/DataMaintenance/actions/DataMaintenanceImportAction.java",Class,DataMaintenanceImportAction,false
"/Users/benpetito/workspace/covid19/src/main/java/modules/admin/DataMaintenance/actions/DataMaintenanceImportAction.java",Method,bizImport,false
"/Users/benpetito/workspace/covid19/src/main/java/modules/admin/DataMaintenance/actions/Drop.java",Class,Drop,false
"/Users/benpetito/workspace/covid19/src/main/java/modules/admin/DataMaintenance/actions/Drop.java",Method,execute,false
"/Users/benpetito/workspace/covid19/src/main/java/modules/admin/DataMaintenance/actions/UploadBackup.java",Class,UploadBackup,false
"/Users/benpetito/workspace/covid19/src/main/java/modules/admin/DataMaintenance/actions/UploadBackup.java",Method,upload,false
"/Users/benpetito/workspace/covid19/src/main/java/modules/admin/DataMaintenance/actions/TruncateAuditLog.java",Class,TruncateAuditLog,false
"/Users/benpetito/workspace/covid19/src/main/java/modules/admin/DataMaintenance/actions/TruncateAuditLog.java",Method,execute,false
"/Users/benpetito/workspace/covid19/src/main/java/modules/admin/DataMaintenance/actions/TruncateAuditLog.java",Method,getAuditQuery,true
"/Users/benpetito/workspace/covid19/src/main/java/modules/admin/DataMaintenance/actions/TruncateAuditLog.java",Method,setResultCount,true
"/Users/benpetito/workspace/covid19/src/main/java/modules/admin/DataMaintenance/actions/ReindexData.java",Class,ReindexData,false
"/Users/benpetito/workspace/covid19/src/main/java/modules/admin/DataMaintenance/actions/ReindexData.java",Method,execute,false
"/Users/benpetito/workspace/covid19/src/main/java/modules/admin/DataMaintenance/actions/CheckContent.java",Class,CheckContent,false
"/Users/benpetito/workspace/covid19/src/main/java/modules/admin/DataMaintenance/actions/CheckContent.java",Method,execute,false
"/Users/benpetito/workspace/covid19/src/main/java/modules/admin/DataMaintenance/actions/DownloadBackup.java",Class,DownloadBackup,false
"/Users/benpetito/workspace/covid19/src/main/java/modules/admin/DataMaintenance/actions/DownloadBackup.java",Method,prepare,false
"/Users/benpetito/workspace/covid19/src/main/java/modules/admin/DataMaintenance/actions/DownloadBackup.java",Method,download,false
"/Users/benpetito/workspace/covid19/src/main/java/modules/admin/DataMaintenance/actions/MigrateContentFiles.java",Class,MigrateContentFiles,false
"/Users/benpetito/workspace/covid19/src/main/java/modules/admin/DataMaintenance/actions/MigrateContentFiles.java",Method,execute,false
"/Users/benpetito/workspace/covid19/src/main/java/modules/admin/DataMaintenance/actions/Create.java",Class,Create,false
"/Users/benpetito/workspace/covid19/src/main/java/modules/admin/DataMaintenance/actions/Create.java",Method,execute,false
"/Users/benpetito/workspace/covid19/src/main/java/modules/admin/DataMaintenance/actions/DataMaintenanceExportAction.java",Class,DataMaintenanceExportAction,false
"/Users/benpetito/workspace/covid19/src/main/java/modules/admin/DataMaintenance/actions/DataMaintenanceExportAction.java",Method,bizExport,false
"/Users/benpetito/workspace/covid19/src/main/java/modules/admin/DataMaintenance/actions/MigrateContent.java",Class,MigrateContent,false
"/Users/benpetito/workspace/covid19/src/main/java/modules/admin/DataMaintenance/actions/MigrateContent.java",Method,execute,false
"/Users/benpetito/workspace/covid19/src/main/java/modules/admin/DataMaintenance/actions/Sync.java",Class,Sync,false
"/Users/benpetito/workspace/covid19/src/main/java/modules/admin/DataMaintenance/actions/Sync.java",Method,execute,false
"/Users/benpetito/workspace/covid19/src/main/java/modules/admin/DataMaintenance/actions/BackupSelected.java",Class,BackupSelected,false
"/Users/benpetito/workspace/covid19/src/main/java/modules/admin/DataMaintenance/actions/BackupSelected.java",Method,execute,false
"/Users/benpetito/workspace/covid19/src/main/java/modules/admin/DataMaintenance/actions/ReindexContent.java",Class,ReindexContent,false
"/Users/benpetito/workspace/covid19/src/main/java/modules/admin/DataMaintenance/actions/ReindexContent.java",Method,execute,false
"/Users/benpetito/workspace/covid19/src/main/java/modules/admin/DataMaintenance/actions/ContentSelected.java",Class,ContentSelected,false
"/Users/benpetito/workspace/covid19/src/main/java/modules/admin/DataMaintenance/actions/ContentSelected.java",Method,execute,false
"/Users/benpetito/workspace/covid19/src/main/java/modules/admin/DataMaintenance/actions/DeleteBackup.java",Class,DeleteBackup,false
"/Users/benpetito/workspace/covid19/src/main/java/modules/admin/DataMaintenance/actions/DeleteBackup.java",Method,execute,false
"/Users/benpetito/workspace/covid19/src/main/java/modules/admin/DataMaintenance/actions/Backup.java",Class,Backup,false
"/Users/benpetito/workspace/covid19/src/main/java/modules/admin/DataMaintenance/actions/Backup.java",Method,execute,false
"/Users/benpetito/workspace/covid19/src/main/java/modules/admin/DataMaintenance/actions/Truncate.java",Class,Truncate,false
"/Users/benpetito/workspace/covid19/src/main/java/modules/admin/DataMaintenance/actions/Truncate.java",Method,execute,false
"/Users/benpetito/workspace/covid19/src/main/java/modules/admin/DataMaintenance/actions/CheckAuditMatches.java",Class,CheckAuditMatches,false
"/Users/benpetito/workspace/covid19/src/main/java/modules/admin/DataMaintenance/actions/CheckAuditMatches.java",Method,execute,false
"/Users/benpetito/workspace/covid19/src/main/java/modules/admin/DataMaintenance/actions/Restore.java",Class,Restore,false
"/Users/benpetito/workspace/covid19/src/main/java/modules/admin/DataMaintenance/actions/Restore.java",Method,execute,false
"/Users/benpetito/workspace/covid19/src/main/java/modules/admin/SystemDashboard/SystemDashboardBizlet.java",Class,SystemDashboardBizlet,false
"/Users/benpetito/workspace/covid19/src/main/java/modules/admin/SystemDashboard/SystemDashboardBizlet.java",Method,newInstance,false
"/Users/benpetito/workspace/covid19/src/main/java/modules/triage/FlowChart/FlowChartExtension.java",Class,FlowChartExtension,false
"/Users/benpetito/workspace/covid19/src/main/java/modules/triage/FlowChart/FlowChartExtension.java",Method,noSymptoms,true
"/Users/benpetito/workspace/covid19/src/main/java/modules/triage/FlowChart/FlowChartExtension.java",Method,mildSymptoms,true
"/Users/benpetito/workspace/covid19/src/main/java/modules/triage/FlowChart/FlowChartExtension.java",Method,anySymptoms,true
"/Users/benpetito/workspace/covid19/src/main/java/modules/triage/FlowChart/FlowChartBizlet.java",Class,FlowChartBizlet,false
"/Users/benpetito/workspace/covid19/src/main/java/modules/triage/FlowChart/FlowChartBizlet.java",Method,preRerender,false
"/Users/benpetito/workspace/covid19/src/main/java/modules/map/GeocodeJob.java",Class,GeocodeJob,false
"/Users/benpetito/workspace/covid19/src/main/java/modules/map/GeocodeJob.java",Method,cancel,false
"/Users/benpetito/workspace/covid19/src/main/java/modules/map/GeocodeJob.java",Method,execute,false
"/Users/benpetito/workspace/covid19/src/main/java/modules/map/MapPlacemark/models/PlacemarkMap.java",Class,PlacemarkMap,false
"/Users/benpetito/workspace/covid19/src/main/java/modules/map/MapPlacemark/models/PlacemarkMap.java",Method,getMapPlacemark,false
"/Users/benpetito/workspace/covid19/src/main/java/modules/map/MapPlacemark/models/PlacemarkMap.java",Method,getResult,false
"/Users/benpetito/workspace/covid19/src/main/java/modules/map/MapOverlay/models/OverlayMap.java",Class,OverlayMap,false
"/Users/benpetito/workspace/covid19/src/main/java/modules/map/MapOverlay/models/OverlayMap.java",Method,getResult,false
"/Users/benpetito/workspace/covid19/src/main/java/modules/map/MapOverlay/actions/UploadBoundaries.java",Class,UploadBoundaries,false
"/Users/benpetito/workspace/covid19/src/main/java/modules/map/MapOverlay/actions/UploadBoundaries.java",Method,upload,false
"/Users/benpetito/workspace/covid19/src/main/java/modules/map/MapOverlay/actions/UploadBoundaries.java",Method,updateBoundariesFromKML,true
"/Users/benpetito/workspace/covid19/src/main/java/modules/map/MapOverlay/KMLParser.java",Class,KMLParser,false
"/Users/benpetito/workspace/covid19/src/main/java/modules/map/MapOverlay/KMLParser.java",Method,getKml,false
"/Users/benpetito/workspace/covid19/src/main/java/modules/map/MapOverlay/KMLParser.java",Method,setKml,false
"/Users/benpetito/workspace/covid19/src/main/java/modules/map/MapOverlay/KMLParser.java",Method,getIs,false
"/Users/benpetito/workspace/covid19/src/main/java/modules/map/MapOverlay/KMLParser.java",Method,setIs,false
"/Users/benpetito/workspace/covid19/src/main/java/modules/map/MapOverlay/KMLParser.java",Method,startElement,false
"/Users/benpetito/workspace/covid19/src/main/java/modules/map/MapOverlay/KMLParser.java",Method,endElement,false
"/Users/benpetito/workspace/covid19/src/main/java/modules/map/MapOverlay/KMLParser.java",Method,characters,false
"/Users/benpetito/workspace/covid19/src/main/java/modules/map/MapOverlay/FileKML.java",Class,FileKML,false
"/Users/benpetito/workspace/covid19/src/main/java/modules/map/MapOverlay/FileKML.java",Class,Folder,false
"/Users/benpetito/workspace/covid19/src/main/java/modules/map/MapOverlay/FileKML.java",Class,Placemark,false
"/Users/benpetito/workspace/covid19/src/main/java/modules/map/MapOverlay/FileKML.java",Class,Polygon,false
"/Users/benpetito/workspace/covid19/src/main/java/modules/map/MapOverlay/FileKML.java",Class,LineString,false
"/Users/benpetito/workspace/covid19/src/main/java/modules/map/MapOverlay/FileKML.java",Method,getLineStringCoordinates,false
"/Users/benpetito/workspace/covid19/src/main/java/modules/map/MapOverlay/FileKML.java",Method,setLineStringCoordinates,false
"/Users/benpetito/workspace/covid19/src/main/java/modules/map/MapOverlay/FileKML.java",Method,getLinearRing,false
"/Users/benpetito/workspace/covid19/src/main/java/modules/map/MapOverlay/FileKML.java",Method,setLinearRing,false
"/Users/benpetito/workspace/covid19/src/main/java/modules/map/MapOverlay/FileKML.java",Method,getShell,false
"/Users/benpetito/workspace/covid19/src/main/java/modules/map/MapOverlay/FileKML.java",Method,setShell,false
"/Users/benpetito/workspace/covid19/src/main/java/modules/map/MapOverlay/FileKML.java",Method,getHoles,false
"/Users/benpetito/workspace/covid19/src/main/java/modules/map/MapOverlay/FileKML.java",Method,setHoles,false
"/Users/benpetito/workspace/covid19/src/main/java/modules/map/MapOverlay/FileKML.java",Method,getGeometry,false
"/Users/benpetito/workspace/covid19/src/main/java/modules/map/MapOverlay/FileKML.java",Method,setGeometry,false
"/Users/benpetito/workspace/covid19/src/main/java/modules/map/MapOverlay/FileKML.java",Method,getId,false
"/Users/benpetito/workspace/covid19/src/main/java/modules/map/MapOverlay/FileKML.java",Method,setId,false
"/Users/benpetito/workspace/covid19/src/main/java/modules/map/MapOverlay/FileKML.java",Method,getName,false
"/Users/benpetito/workspace/covid19/src/main/java/modules/map/MapOverlay/FileKML.java",Method,setName,false
"/Users/benpetito/workspace/covid19/src/main/java/modules/map/MapOverlay/FileKML.java",Method,getDescription,false
"/Users/benpetito/workspace/covid19/src/main/java/modules/map/MapOverlay/FileKML.java",Method,setDescription,false
"/Users/benpetito/workspace/covid19/src/main/java/modules/map/MapOverlay/FileKML.java",Method,getPolygons,false
"/Users/benpetito/workspace/covid19/src/main/java/modules/map/MapOverlay/FileKML.java",Method,setPolygons,false
"/Users/benpetito/workspace/covid19/src/main/java/modules/map/MapOverlay/FileKML.java",Method,getExtendedData,false
"/Users/benpetito/workspace/covid19/src/main/java/modules/map/MapOverlay/FileKML.java",Method,setExtendedData,false
"/Users/benpetito/workspace/covid19/src/main/java/modules/map/MapOverlay/FileKML.java",Method,getId,false
"/Users/benpetito/workspace/covid19/src/main/java/modules/map/MapOverlay/FileKML.java",Method,setId,false
"/Users/benpetito/workspace/covid19/src/main/java/modules/map/MapOverlay/FileKML.java",Method,getName,false
"/Users/benpetito/workspace/covid19/src/main/java/modules/map/MapOverlay/FileKML.java",Method,setName,false
"/Users/benpetito/workspace/covid19/src/main/java/modules/map/MapOverlay/FileKML.java",Method,getPlacemarks,false
"/Users/benpetito/workspace/covid19/src/main/java/modules/map/MapOverlay/FileKML.java",Method,setPlacemarks,false
"/Users/benpetito/workspace/covid19/src/main/java/modules/map/MapOverlay/FileKML.java",Method,getId,false
"/Users/benpetito/workspace/covid19/src/main/java/modules/map/MapOverlay/FileKML.java",Method,setId,false
"/Users/benpetito/workspace/covid19/src/main/java/modules/map/MapOverlay/FileKML.java",Method,getName,false
"/Users/benpetito/workspace/covid19/src/main/java/modules/map/MapOverlay/FileKML.java",Method,setName,false
"/Users/benpetito/workspace/covid19/src/main/java/modules/map/MapOverlay/FileKML.java",Method,getDescription,false
"/Users/benpetito/workspace/covid19/src/main/java/modules/map/MapOverlay/FileKML.java",Method,setDescription,false
"/Users/benpetito/workspace/covid19/src/main/java/modules/map/MapOverlay/FileKML.java",Method,getFolders,false
"/Users/benpetito/workspace/covid19/src/main/java/modules/map/MapOverlay/FileKML.java",Method,setFolders,false
"/Users/benpetito/workspace/covid19/src/main/java/modules/MailUtil.java",Class,MailUtil,true
"/Users/benpetito/workspace/covid19/src/main/java/modules/MailUtil.java",Method,sendEmail,true
